{
    "enabled": true,
    "neededInstalledMods": [],
    "neededUninstalledMods": [],
    "spawns": [
        {
            "id": "slowbro-twilight-1",
            "pokemon": "slowbro",
            "presets": [
                "water"
            ],
            "type": "pokemon",
            "context": "submerged",
            "bucket": "uncommon",
            "level": "15-35",
            "weight": 10.0,
            "condition": {
                "biomes": [
                    "twilightforest:stream",
                    "twilightforest:lake"
                ]
            }
        },
        {
            "id": "slowbro-twilight-2",
            "pokemon": "slowbro",
            "type": "pokemon",
            "context": "fishing",
            "bucket": "uncommon",
            "level": "15-35",
            "weight": 10.0,
            "condition": {
                "biomes": [
                    "twilightforest:stream",
                    "twilightforest:lake"
                ]
            }
        }
    ]
}