{
    "enabled": "true",
    "neededInstalledMods": [],
    "neededUninstalledMods": [],
    "spawns": [
        {
            "id": "chinchou-twilight-1",
            "pokemon": "chinchou",
            "presets": [
                "water"
            ],
            "type": "pokemon",
            "context": "submerged",
            "bucket": "common",
            "level": "4-24",
            "weight": 10.0,
            "condition": {
                "biomes": [
                    "twilightforest:stream",
                    "twilightforest:lake"
                ]
            }
        },
        {
            "id": "chinchou-twilight-2",
            "pokemon": "chinchou",
            "type": "pokemon",
            "context": "fishing",
            "bucket": "common",
            "level": "4-44",
            "weight": 10.0,
            "condition": {
                "biomes": [
                    "#cobblemon:is_twilight",
                    "twilightforest:stream",
                    "twilightforest:lake"
                ]
            }
        }
    ]
}