{
    "enabled": "true",
    "neededInstalledMods": [],
    "neededUninstalledMods": [],
    "spawns": [
        {
            "id": "marshtomp-twilight",
            "pokemon": "marshtomp",
            "presets": [
                "water"
            ],
            "type": "pokemon",
            "context": "surface",
            "bucket": "rare",
            "level": "45-60",
            "weight": 10.0,
            "condition": {
                "biomes": [
                    "twilightforest:swamp"
                ]
            }
        }
    ]
}