{
    "enabled": true,
    "neededInstalledMods": [],
    "neededUninstalledMods": [],
    "spawns": [
        {
            "id": "nosepass-twilight",
            "pokemon": "nosepass",
            "presets": [
                "labyrinth"
            ],
            "type": "pokemon",
            "context": "grounded",
            "bucket": "common",
            "level": "30-45",
            "weight": 10.0,
            "condition": {
                "canSeeSky": false,
                "biomes": [
                    "twilightforest:underground"
                ]
            }
        }
    ]
}