{
    "enabled": "true",
    "neededInstalledMods": [],
    "neededUninstalledMods": [],
    "spawns": [
        {
            "id": "cottonee-twilight-1",
            "pokemon": "cottonee",
            "presets": [
                "natural"
            ],
            "type": "pokemon",
            "context": "grounded",
            "bucket": "common",
            "level": "3-20",
            "weight": 10.0,
            "condition": {
                "biomes": [
                    "twilightforest:firefly_forest",
                    "twilightforest:oak_savannah",
                    "twilightforest:enchanted_forest"
                ]
            }
        },
        {
            "id": "cottonee-twilight-2",
            "pokemon": "cottonee",
            "presets": [
                "cloud_cottage"
            ],
            "type": "pokemon",
            "context": "grounded",
            "bucket": "uncommon",
            "level": "33-50",
            "weight": 10.0
        }
    ]
}