{
  "target": "cobblemon:probopass",
  "implemented": true,
  "pokedex": [
    "cobblemon.species.probopass.desc"
  ],
  "drops": {
    "amount": 6,
    "entries": [
      {
        "item": "minecraft:flint",
        "quantityRange": "1-3"
      },
      {
        "item": "twilightforest:ore_magnet",
        "quantityRange": "0-2"
      },
      {
        "item": "cobblemon:hard_stone",
        "percentage": 5.0
      },
      {
        "item": "cobblemon:magnet",
        "percentage": 5.0
      }
    ]
  }
}