{
  "target": "cobblemon:charmander",
  "implemented": true,
  "name": "Charmander",
  "forms": [
    {
      "implemented": true,
      "name": "Shadow",
      "nationalPokedexNumber": 4,
      "primaryType": "dark",
      "secondaryType": "fire",
      "abilities": [
        "darkaura"
      ],
      "baseStats": {
        "hp": 79,
        "attack": 92,
        "defence": 83,
        "special_attack": 100,
        "special_defence": 90,
        "speed": 106
      },
      "behaviour": {
        "moving": {
          "walk": {
            "walkSpeed": 0.3
          }
        },
        "resting": {
          "canSleep": false
        }
      },
      "catchRate": 18,
      "maleRatio": 0.875,
      "shoulderMountable": false,
      "baseExperienceYield": 62,
      "experienceGroup": "medium_slow",
      "eggCycles": 20,
      "eggGroups": [
        "monster",
        "dragon"
      ],
      "drops": {
        "amount": 2,
        "entries": [
          {
            "item": "minecraft:netherite_scrap",
            "quantityRange": "0-1"
          },
          {
            "item": "cobblemon:charcoal_stick",
            "percentage": 5.0
          }
        ]
      },
      "moves": [
        "1:pursuit",
        "1:screech",
        "4:ember",
        "8:smokescreen",
        "10:dragonbreath",
        "13:firefang",
        "15:metalclaw",
        "17:dragonrage",
        "20:brutalswing",
        "24:thief",
        "30:flamethrower",
        "32:flameburst",
        "35:shadowclaw",
        "39:scaryface",
        "42:dragonclaw",
        "46:firespin",
        "54:nightslash",
        "60:foulplay",
        "62:flareblitz",
        "64:nastyplot",
        "66:inferno",
        "68:fierywrath",
        "70:blastburn",
        "egg:aircutter",
        "egg:ancientpower",
        "egg:beatup",
        "egg:bellydrum",
        "egg:bite",
        "egg:counter",
        "egg:crunch",
        "egg:dragondance",
        "egg:dragonpulse",
        "egg:dragonrush",
        "egg:dragontail",
        "egg:flareblitz",
        "egg:focuspunch",
        "egg:irontail",
        "egg:metalclaw",
        "egg:outrage",
        "egg:rockslide",
        "egg:swordsdance",
        "egg:wingattack",
        "tm:acrobatics",
        "tm:aerialace",
        "tm:attract",
        "tm:beatup",
        "tm:bodyslam",
        "tm:brickbreak",
        "tm:captivate",
        "tm:confide",
        "tm:crunch",
        "tm:cut",
        "tm:dig",
        "tm:doubleteam",
        "tm:dragonclaw",
        "tm:dragondance",
        "tm:dragonpulse",
        "tm:dragontail",
        "tm:echoedvoice",
        "tm:endure",
        "tm:facade",
        "tm:falseswipe",
        "tm:fireblast",
        "tm:firefang",
        "tm:firepledge",
        "tm:firepunch",
        "tm:firespin",
        "tm:flamecharge",
        "tm:flamethrower",
        "tm:flareblitz",
        "tm:fling",
        "tm:focusblast",
        "tm:focuspunch",
        "tm:frustration",
        "tm:heatwave",
        "tm:helpinghand",
        "tm:hiddenpower",
        "tm:honeclaws",
        "tm:incinerate",
        "tm:irontail",
        "tm:megakick",
        "tm:megapunch",
        "tm:metalclaw",
        "tm:naturalgift",
        "tm:outrage",
        "tm:overheat",
        "tm:poweruppunch",
        "tm:protect",
        "tm:rest",
        "tm:return",
        "tm:rockslide",
        "tm:rocksmash",
        "tm:rocktomb",
        "tm:round",
        "tm:scaryface",
        "tm:secretpower",
        "tm:shadowclaw",
        "tm:sleeptalk",
        "tm:snore",
        "tm:strength",
        "tm:substitute",
        "tm:sunnyday",
        "tm:swagger",
        "tm:swift",
        "tm:swordsdance",
        "tm:takedown",
        "tm:terablast",
        "tm:thunderpunch",
        "tm:toxic",
        "tm:weatherball",
        "tm:willowisp",
        "tm:workup",
        "tutor:acrobatics",
        "tutor:ancientpower",
        "tutor:attract",
        "tutor:beatup",
        "tutor:bellydrum",
        "tutor:bide",
        "tutor:bite",
        "tutor:blastburn",
        "tutor:block",
        "tutor:bodyslam",
        "tutor:brickbreak",
        "tutor:celebrate",
        "tutor:counter",
        "tutor:curse",
        "tutor:cut",
        "tutor:defensecurl",
        "tutor:dig",
        "tutor:doubleedge",
        "tutor:doubleteam",
        "tutor:dragonbreath",
        "tutor:dragonpulse",
        "tutor:dragonrage",
        "tutor:dynamicpunch",
        "tutor:ember",
        "tutor:endure",
        "tutor:facade",
        "tutor:falseswipe",
        "tutor:fireblast",
        "tutor:firepledge",
        "tutor:firepunch",
        "tutor:firespin",
        "tutor:flamethrower",
        "tutor:focuspunch",
        "tutor:frustration",
        "tutor:furycutter",
        "tutor:furyswipes",
        "tutor:growl",
        "tutor:headbutt",
        "tutor:heatwave",
        "tutor:hiddenpower",
        "tutor:howl",
        "tutor:irontail",
        "tutor:leer",
        "tutor:megakick",
        "tutor:megapunch",
        "tutor:mimic",
        "tutor:mudslap",
        "tutor:outrage",
        "tutor:protect",
        "tutor:quickattack",
        "tutor:rage",
        "tutor:reflect",
        "tutor:rest",
        "tutor:return",
        "tutor:rockslide",
        "tutor:rocksmash",
        "tutor:scaryface",
        "tutor:scratch",
        "tutor:seismictoss",
        "tutor:skullbash",
        "tutor:slash",
        "tutor:sleeptalk",
        "tutor:smokescreen",
        "tutor:snore",
        "tutor:strength",
        "tutor:submission",
        "tutor:substitute",
        "tutor:sunnyday",
        "tutor:swagger",
        "tutor:swift",
        "tutor:swordsdance",
        "tutor:takedown",
        "tutor:thunderpunch",
        "tutor:toxic",
        "tutor:willowisp"
      ],
      "labels": [
        "gen1"
      ],
      "pokedex": [
        "cobblemon.species.shadows.desc"
      ],
      "evolutions": [
        {
          "id": "charmander_charmeleon_shadow",
          "variant": "level_up",
          "result": "charmeleon shadow",
          "consumeHeldItem": false,
          "learnableMoves": [],
          "requirements": [
            {
              "variant": "level",
              "minLevel": 50
            }
          ]
        }
      ],
      "baseFriendship": 50,
      "evYield": {
        "hp": 0,
        "attack": 0,
        "defence": 0,
        "special_attack": 0,
        "special_defence": 0,
        "speed": 1
      },
      "height": 6,
      "weight": 85,
      "aspects": ["shadow"],
      "cannotDynamax": false
    }
  ]
}