{
  "species": "cobblemon:thievul",
  "order": 7,
  "variations": [
    {
      "aspects": ["twilight"],
      "poser": "cobblemon:thievul",
      "model": "cobblemon:thievul.geo",
      "texture": "cobblemon:textures/pokemon/0828_thievul/blank.png",
      "layers": [
        {
          "name": "emissive",
          "texture": "cobblemon:textures/pokemon/0828_thievul/thievul_twilight_emissive.png",
          "emissive": true,
          "translucent": true
        }
      ]
    },
    {
      "aspects": [
        "twilight",
        "shiny"
      ],
      "texture": "cobblemon:textures/pokemon/0828_thievul/blank.png",
      "layers": [
        {
          "name": "emissive",
          "texture": "cobblemon:textures/pokemon/0828_thievul/thievul_twilight_shiny_emissive.png",
          "emissive": true,
          "translucent": true
        }
      ]
    }
  ]
}