{
  "target": "cobblemon:lairon",
  "implemented": true,
  "forms": [
    {
      "implemented": true,
      "name": "Twilight",
      "nationalPokedexNumber": 305,
      "primaryType": "steel",
      "secondaryType": "grass",
      "abilities": [
        "regenerator",
        "rockhead",
        "h:heavymetal"
      ],
      "baseStats": {
        "hp": 60,
        "attack": 90,
        "defence": 140,
        "special_attack": 50,
        "special_defence": 50,
        "speed": 40
      },
      "catchRate": 90,
      "maleRatio": 0.5,
      "shoulderMountable": false,
      "baseExperienceYield": 151,
      "experienceGroup": "slow",
      "eggCycles": 35,
      "eggGroups": [
        "monster"
      ],
      "moves": [
        "1:harden",
        "1:metalclaw",
        "1:tickle",
        "1:vinewhip",
        "1:tackle",
        "12:ingrain",
        "16:headbutt",
        "20:spikyshield",
        "24:hornleech",
        "28:ironhead",
        "35:growth",
        "40:powerwhip",
        "46:autotomize",
        "52:irontail",
        "58:irondefense",
        "64:heavyslam",
        "70:woodhammer",
        "76:metalburst",
        "tm:aerialace",
        "tm:attract",
        "tm:bodypress",
        "tm:bodyslam",
        "tm:bulldoze",
        "tm:captivate",
        "tm:confide",
        "tm:cut",
        "tm:dig",
        "tm:doubleteam",
        "tm:earthpower",
        "tm:earthquake",
        "tm:endure",
        "tm:facade",
        "tm:frustration",
        "tm:heavyslam",
        "tm:hiddenpower",
        "tm:honeclaws",
        "tm:irondefense",
        "tm:ironhead",
        "tm:irontail",
        "tm:naturalgift",
        "tm:protect",
        "tm:raindance",
        "tm:rest",
        "tm:return",
        "tm:reversal",
        "tm:roar",
        "tm:rockblast",
        "tm:rockpolish",
        "tm:rockslide",
        "tm:rocksmash",
        "tm:rocktomb",
        "tm:round",
        "tm:sandstorm",
        "tm:sandtomb",
        "tm:screech",
        "tm:secretpower",
        "tm:shadowclaw",
        "tm:shockwave",
        "tm:sleeptalk",
        "tm:snore",
        "tm:stealthrock",
        "tm:stompingtantrum",
        "tm:stoneedge",
        "tm:strength",
        "tm:substitute",
        "tm:sunnyday",
        "tm:superpower",
        "tm:swagger",
        "tm:toxic",
        "tm:uproar",
        "tm:waterpulse",
        "tutor:ancientpower",
        "tutor:bodyslam",
        "tutor:defensecurl",
        "tutor:doubleedge",
        "tutor:earthpower",
        "tutor:endeavor",
        "tutor:endure",
        "tutor:furycutter",
        "tutor:headbutt",
        "tutor:irondefense",
        "tutor:ironhead",
        "tutor:irontail",
        "tutor:magnetrise",
        "tutor:mimic",
        "tutor:mudslap",
        "tutor:rockslide",
        "tutor:rollout",
        "tutor:shockwave",
        "tutor:sleeptalk",
        "tutor:snore",
        "tutor:spite",
        "tutor:stealthrock",
        "tutor:steelbeam",
        "tutor:steelroller",
        "tutor:stompingtantrum",
        "tutor:substitute",
        "tutor:superpower",
        "tutor:swagger",
        "tutor:uproar",
        "tutor:waterpulse"
      ],
      "labels": [
        "gen3"
      ],
      "pokedex": [
        "cobblemon.species.lairon-twilight.desc"
      ],
      "preEvolution": "aron",
      "evolutions": [
        {
          "id": "lairon_aggron_twilight",
          "variant": "level_up",
          "result": "aggron twilight",
          "consumeHeldItem": false,
          "learnableMoves": [],
          "requirements": [
            {
              "variant": "level",
              "minLevel": 42
            }
          ]
        },
        {
          "id": "lairon_twilight_to_normal",
          "variant": "item_interact",
          "result": "lairon twilight=false",
          "consumeHeldItem": false,
          "learnableMoves": [],
          "requirements": [],
          "requiredContext": "twilightforest:transformation_powder"
        }
      ],
      "baseScale": 1,
      "hitbox": {
        "width": 1,
        "height": 1,
        "fixed": false
      },
      "baseFriendship": 35,
      "evYield": {
        "hp": 0,
        "attack": 0,
        "defence": 2,
        "special_attack": 0,
        "special_defence": 0,
        "speed": 0
      },
      "height": 9,
      "weight": 1200,
      "aspects": ["twilight"],
      "cannotDynamax": false,
      "drops": {
        "amount": 4,
        "entries": [
          {
            "item": "twilightforest:raw_ironwood",
            "quantityRange": "1-3"
          },
          {
            "item": "cobblemon:occa_berry",
            "percentage": 5.0
          }
        ]
      }
    }
  ],
  "evolutions": [
        {
          "id": "lairon_to_twilight",
          "variant": "item_interact",
          "result": "lairon twilight=true",
          "consumeHeldItem": false,
          "learnableMoves": [],
          "requirements": [],
          "requiredContext": "twilightforest:transformation_powder"
        }
      ]
}