{
  "target": "cobblemon:exeggutor",
  "implemented": true,
  "name": "Exeggutor",
  "nationalPokedexNumber": 103,
  "primaryType": "grass",
  "secondaryType": "psychic",
  "abilities": [
    "chlorophyll",
    "h:harvest"
  ],
  "baseStats": {
    "hp": 95,
    "attack": 95,
    "defence": 85,
    "special_attack": 125,
    "special_defence": 75,
    "speed": 55
  },
  "behaviour": {
    "moving": {
      "walk": {
        "walkSpeed": 0.25
      }
    },
    "resting": {
      "canSleep": true,
      "willSleepOnBed": false,
      "depth": "normal",
      "light": "0-4"
    }
  },
  "catchRate": 45,
  "maleRatio": 0.5,
  "shoulderMountable": false,
  "forms": [
    {
      "name": "Alola",
      "primaryType": "grass",
      "secondaryType": "dragon",
      "abilities": [
        "frisk",
        "h:harvest"
      ],
      "baseStats": {
        "hp": 95,
        "attack": 105,
        "defence": 85,
        "special_attack": 125,
        "special_defence": 75,
        "speed": 45
      },
      "catchRate": 45,
      "maleRatio": 0.5,
      "baseExperienceYield": 186,
      "baseFriendship": 50,
      "evYield": {
        "hp": 0,
        "attack": 0,
        "defence": 0,
        "special_attack": 2,
        "special_defence": 0,
        "speed": 0
      },
      "baseScale": 1.2,
      "hitbox": {
        "width": 1.5,
        "height": 20.0,
        "fixed": false
      },
      "experienceGroup": "slow",
      "eggCycles": 20,
      "eggGroups": [
        "grass"
      ],
      "moves": [
        "1:absorb",
        "1:barrage",
        "1:bulletseed",
        "1:confusion",
        "1:dragonhammer",
        "1:extrasensory",
        "1:gigadrain",
        "1:growth",
        "1:hypnosis",
        "1:leafstorm",
        "1:leechseed",
        "1:megadrain",
        "1:psyshock",
        "1:reflect",
        "1:seedbomb",
        "1:solarbeam",
        "1:synthesis",
        "1:uproar",
        "1:woodhammer",
        "1:worryseed",
        "27:eggbomb",
        "tm:attract",
        "tm:bodyslam",
        "tm:breakingswipe",
        "tm:brickbreak",
        "tm:brutalswing",
        "tm:bulldoze",
        "tm:bulletseed",
        "tm:calmmind",
        "tm:confide",
        "tm:curse",
        "tm:doubleedge",
        "tm:doubleteam",
        "tm:dracometeor",
        "tm:dragoncheer",
        "tm:dragonpulse",
        "tm:dragontail",
        "tm:dreameater",
        "tm:earthquake",
        "tm:endure",
        "tm:energyball",
        "tm:explosion",
        "tm:facade",
        "tm:flamethrower",
        "tm:frustration",
        "tm:gigadrain",
        "tm:gigaimpact",
        "tm:grassknot",
        "tm:grassyglide",
        "tm:grassyterrain",
        "tm:gravity",
        "tm:helpinghand",
        "tm:hiddenpower",
        "tm:hyperbeam",
        "tm:imprison",
        "tm:infestation",
        "tm:ironhead",
        "tm:irontail",
        "tm:knockoff",
        "tm:leafstorm",
        "tm:lightscreen",
        "tm:lowkick",
        "tm:magicalleaf",
        "tm:naturepower",
        "tm:outrage",
        "tm:powerswap",
        "tm:powerwhip",
        "tm:protect",
        "tm:psybeam",
        "tm:psychic",
        "tm:psychicnoise",
        "tm:psychicterrain",
        "tm:psychup",
        "tm:psyshock",
        "tm:reflect",
        "tm:rest",
        "tm:return",
        "tm:round",
        "tm:seedbomb",
        "tm:selfdestruct",
        "tm:skillswap",
        "tm:sleeptalk",
        "tm:sludgebomb",
        "tm:snore",
        "tm:solarbeam",
        "tm:stompingtantrum",
        "tm:storedpower",
        "tm:substitute",
        "tm:sunnyday",
        "tm:superpower",
        "tm:swagger",
        "tm:swordsdance",
        "tm:takedown",
        "tm:terablast",
        "tm:thief",
        "tm:toxic",
        "tm:trailblaze",
        "tm:trick",
        "tm:trickroom",
        "tm:uproar",
        "tm:zenheadbutt",
        "tutor:barrage",
        "tutor:block",
        "tutor:brickbreak",
        "tutor:celebrate",
        "tutor:confusion",
        "tutor:dracometeor",
        "tutor:dragonpulse",
        "tutor:dragontail",
        "tutor:dreameater",
        "tutor:earthquake",
        "tutor:eggbomb",
        "tutor:facade",
        "tutor:flamethrower",
        "tutor:gigadrain",
        "tutor:grassyglide",
        "tutor:gravity",
        "tutor:headbutt",
        "tutor:hyperbeam",
        "tutor:hypnosis",
        "tutor:ironhead",
        "tutor:irontail",
        "tutor:knockoff",
        "tutor:leafstorm",
        "tutor:lightscreen",
        "tutor:lowkick",
        "tutor:megadrain",
        "tutor:outrage",
        "tutor:powerswap",
        "tutor:powerwhip",
        "tutor:protect",
        "tutor:psychic",
        "tutor:reflect",
        "tutor:rest",
        "tutor:seedbomb",
        "tutor:selfdestruct",
        "tutor:skillswap",
        "tutor:sludgebomb",
        "tutor:snore",
        "tutor:solarbeam",
        "tutor:stompingtantrum",
        "tutor:stunspore",
        "tutor:substitute",
        "tutor:superpower",
        "tutor:synthesis",
        "tutor:telekinesis",
        "tutor:teleport",
        "tutor:terrainpulse",
        "tutor:toxic",
        "tutor:worryseed",
        "tutor:zenheadbutt"
      ],
      "labels": [
        "gen7",
        "alola_regional"
      ],
      "aspects": [
        "alolan"
      ],
      "height": 109,
      "weight": 4156,
      "preEvolution": "exeggcute region_bias=alola",
      "evolutions": [
        {
          "id": "exeggutor_twilight_to_normal",
          "variant": "item_interact",
          "result": "exeggutor alolan=false",
          "consumeHeldItem": false,
          "learnableMoves": [],
          "requirements": [],
          "requiredContext": "twilightforest:transformation_powder"
        }
      ],
      "cannotDynamax": false,
      "battleOnly": false
    }
  ],
  "baseExperienceYield": 186,
  "experienceGroup": "slow",
  "eggCycles": 20,
  "eggGroups": [
    "grass"
  ],
  "drops": {
    "amount": 5,
    "entries": [
      {
        "item": "minecraft:egg",
        "quantityRange": "0-3"
      },
      {
        "item": "cobblemon:oval_stone",
        "percentage": 5.0
      },
      {
        "item": "cobblemon:tanga_berry",
        "percentage": 5.0
      }
    ]
  },
  "moves": [
    "1:absorb",
    "1:barrage",
    "1:bulletseed",
    "1:confusion",
    "1:extrasensory",
    "1:gigadrain",
    "1:growth",
    "1:hypnosis",
    "1:leafstorm",
    "1:leechseed",
    "1:megadrain",
    "1:psyshock",
    "1:reflect",
    "1:seedbomb",
    "1:solarbeam",
    "1:stomp",
    "1:synthesis",
    "1:uproar",
    "1:woodhammer",
    "1:worryseed",
    "27:eggbomb",
    "tm:attract",
    "tm:bodyslam",
    "tm:breakingswipe",
    "tm:brickbreak",
    "tm:bulldoze",
    "tm:bulletseed",
    "tm:calmmind",
    "tm:captivate",
    "tm:confide",
    "tm:curse",
    "tm:doubleedge",
    "tm:doubleteam",
    "tm:dracometeor",
    "tm:dragoncheer",
    "tm:dragonpulse",
    "tm:dragontail",
    "tm:dreameater",
    "tm:earthquake",
    "tm:endure",
    "tm:energyball",
    "tm:expandingforce",
    "tm:explosion",
    "tm:facade",
    "tm:flamethrower",
    "tm:flash",
    "tm:frustration",
    "tm:futuresight",
    "tm:gigadrain",
    "tm:gigaimpact",
    "tm:grassknot",
    "tm:grassyglide",
    "tm:grassyterrain",
    "tm:gravity",
    "tm:helpinghand",
    "tm:hiddenpower",
    "tm:hyperbeam",
    "tm:imprison",
    "tm:infestation",
    "tm:ironhead",
    "tm:knockoff",
    "tm:leafstorm",
    "tm:lightscreen",
    "tm:lowkick",
    "tm:magicalleaf",
    "tm:naturalgift",
    "tm:naturepower",
    "tm:outrage",
    "tm:powerswap",
    "tm:protect",
    "tm:psybeam",
    "tm:psychic",
    "tm:psychicnoise",
    "tm:psychicterrain",
    "tm:psychocut",
    "tm:psychup",
    "tm:psyshock",
    "tm:reflect",
    "tm:rest",
    "tm:return",
    "tm:round",
    "tm:secretpower",
    "tm:seedbomb",
    "tm:selfdestruct",
    "tm:skillswap",
    "tm:sleeptalk",
    "tm:sludgebomb",
    "tm:snore",
    "tm:solarbeam",
    "tm:stompingtantrum",
    "tm:storedpower",
    "tm:strength",
    "tm:substitute",
    "tm:sunnyday",
    "tm:swagger",
    "tm:swordsdance",
    "tm:takedown",
    "tm:telekinesis",
    "tm:terablast",
    "tm:thief",
    "tm:toxic",
    "tm:trailblaze",
    "tm:trick",
    "tm:trickroom",
    "tm:uproar",
    "tm:zenheadbutt",
    "tutor:ancientpower",
    "tutor:attract",
    "tutor:barrage",
    "tutor:bide",
    "tutor:block",
    "tutor:confusion",
    "tutor:curse",
    "tutor:doubleedge",
    "tutor:doubleteam",
    "tutor:dreameater",
    "tutor:eggbomb",
    "tutor:endure",
    "tutor:expandingforce",
    "tutor:explosion",
    "tutor:facade",
    "tutor:flash",
    "tutor:frustration",
    "tutor:gigadrain",
    "tutor:grassyglide",
    "tutor:gravity",
    "tutor:headbutt",
    "tutor:hiddenpower",
    "tutor:hyperbeam",
    "tutor:hypnosis",
    "tutor:lightscreen",
    "tutor:lowkick",
    "tutor:megadrain",
    "tutor:mimic",
    "tutor:nightmare",
    "tutor:powerwhip",
    "tutor:protect",
    "tutor:psychic",
    "tutor:psychup",
    "tutor:psywave",
    "tutor:rage",
    "tutor:reflect",
    "tutor:refresh",
    "tutor:rest",
    "tutor:return",
    "tutor:rollout",
    "tutor:seedbomb",
    "tutor:selfdestruct",
    "tutor:skillswap",
    "tutor:sleeptalk",
    "tutor:sludgebomb",
    "tutor:snore",
    "tutor:solarbeam",
    "tutor:stomp",
    "tutor:stompingtantrum",
    "tutor:strength",
    "tutor:stunspore",
    "tutor:substitute",
    "tutor:sunnyday",
    "tutor:swagger",
    "tutor:synthesis",
    "tutor:takedown",
    "tutor:telekinesis",
    "tutor:teleport",
    "tutor:terrainpulse",
    "tutor:thief",
    "tutor:toxic",
    "tutor:worryseed",
    "tutor:zenheadbutt"
  ],
  "labels": [
    "gen1",
    "kanto_regional"
  ],
  "pokedex": [
    "cobblemon.species.exeggutor.desc"
  ],
  "features": [
    "alolan"
  ],
  "preEvolution": "exeggcute",
  "evolutions": [
    {
      "id": "exeggutor_to_twilight",
      "variant": "item_interact",
      "result": "exeggutor alolan=true",
      "consumeHeldItem": false,
      "learnableMoves": [],
      "requirements": [],
      "requiredContext": "twilightforest:transformation_powder"
    }
  ],
  "baseScale": 0.85,
  "hitbox": {
    "width": 1.8,
    "height": 3.0,
    "fixed": false
  },
  "baseFriendship": 50,
  "evYield": {
    "hp": 0,
    "attack": 0,
    "defence": 0,
    "special_attack": 2,
    "special_defence": 0,
    "speed": 0
  },
  "height": 20,
  "weight": 1200,
  "aspects": [],
  "cannotDynamax": false
}