{
  "target": "cobblemon:voltorb",
  "implemented": true,
  "name": "Voltorb",
  "nationalPokedexNumber": 100,
  "primaryType": "electric",
  "abilities": [
    "soundproof",
    "static",
    "h:aftermath"
  ],
  "baseStats": {
    "hp": 40,
    "attack": 30,
    "defence": 50,
    "special_attack": 55,
    "special_defence": 55,
    "speed": 100
  },
  "features": [
    "hisuian"
  ],
  "catchRate": 190,
  "maleRatio": -1,
  "shoulderMountable": false,
  "forms": [
    {
      "name": "Hisui",
      "primaryType": "electric",
      "secondaryType": "grass",
      "abilities": [
        "soundproof",
        "static",
        "h:aftermath"
      ],
      "baseStats": {
        "hp": 40,
        "attack": 30,
        "defence": 50,
        "special_attack": 55,
        "special_defence": 55,
        "speed": 100
      },
      "catchRate": 190,
      "maleRatio": -1,
      "baseExperienceYield": 66,
      "baseFriendship": 70,
      "evYield": {
        "hp": 0,
        "attack": 0,
        "defence": 0,
        "special_attack": 0,
        "special_defence": 0,
        "speed": 1
      },
      "experienceGroup": "medium_fast",
      "eggCycles": 20,
      "eggGroups": [
        "mineral"
      ],
      "moves": [
        "1:charge",
        "1:tackle",
        "4:thundershock",
        "6:stunspore",
        "9:bulletseed",
        "11:rollout",
        "13:screech",
        "16:chargebeam",
        "20:swift",
        "22:electroball",
        "26:selfdestruct",
        "29:energyball",
        "34:discharge",
        "34:seedbomb",
        "41:explosion",
        "46:gyroball",
        "50:grassyterrain",
        "egg:leechseed",
        "egg:recycle",
        "egg:worryseed",
        "tm:agility",
        "tm:bulletseed",
        "tm:charge",
        "tm:chargebeam",
        "tm:doubleedge",
        "tm:electricterrain",
        "tm:electroball",
        "tm:electroweb",
        "tm:endure",
        "tm:energyball",
        "tm:facade",
        "tm:foulplay",
        "tm:gigadrain",
        "tm:grassknot",
        "tm:grassyglide",
        "tm:grassyterrain",
        "tm:gyroball",
        "tm:leafstorm",
        "tm:protect",
        "tm:raindance",
        "tm:reflect",
        "tm:rest",
        "tm:seedbomb",
        "tm:sleeptalk",
        "tm:solarbeam",
        "tm:substitute",
        "tm:swift",
        "tm:takedown",
        "tm:taunt",
        "tm:terablast",
        "tm:thief",
        "tm:thunder",
        "tm:thunderbolt",
        "tm:thunderwave",
        "tm:voltswitch",
        "tm:wildcharge"
      ],
      "labels": [
        "gen8",
        "hisui_regional"
      ],
      "aspects": [
        "hisuian"
      ],
      "height": 5,
      "weight": 130,
      "evolutions": [
        {
          "id": "voltorb_electrode",
          "variant": "item_interact",
          "result": "electrode hisuian",
          "consumeHeldItem": false,
          "learnableMoves": [
            "chloroblast"
          ],
          "requirements": [],
          "requiredContext": "cobblemon:leaf_stone"
        },
        {
          "id": "voltorb_twilight_to_normal",
          "variant": "item_interact",
          "result": "voltorb hisuian=false",
          "consumeHeldItem": false,
          "learnableMoves": [],
          "requirements": [],
          "requiredContext": "twilightforest:transformation_powder"
        }
      ],
      "cannotDynamax": false,
      "battleOnly": false,
      "drops": {
        "amount": 3,
        "entries": [
          {
            "item": "minecraft:gunpowder",
            "quantityRange": "0-1"
          },
          {
            "item": "cobblemon:red_apricorn",
            "quantityRange": "0-1"
          },
          {
            "item": "cobblemon:cheri_berry",
            "percentage": 2.5
          }
        ]
      }
    }
  ],
  "baseExperienceYield": 66,
  "experienceGroup": "medium_fast",
  "eggCycles": 20,
  "eggGroups": [
    "mineral"
  ],
  "drops": {
    "amount": 1,
    "entries": [
      {
        "item": "minecraft:gunpowder",
        "quantityRange": "0-1"
      }
    ]
  },
  "moves": [
    "1:charge",
    "1:tackle",
    "4:sonicboom",
    "4:thundershock",
    "6:eerieimpulse",
    "9:spark",
    "11:rollout",
    "13:screech",
    "16:chargebeam",
    "20:swift",
    "22:electroball",
    "26:selfdestruct",
    "29:lightscreen",
    "34:magnetrise",
    "37:discharge",
    "41:explosion",
    "46:gyroball",
    "50:mirrorcoat",
    "egg:metalsound",
    "egg:recycle",
    "tm:agility",
    "tm:charge",
    "tm:chargebeam",
    "tm:confide",
    "tm:doubleedge",
    "tm:doubleteam",
    "tm:eerieimpulse",
    "tm:electricterrain",
    "tm:electroball",
    "tm:electroweb",
    "tm:endure",
    "tm:explosion",
    "tm:facade",
    "tm:flash",
    "tm:foulplay",
    "tm:frustration",
    "tm:gyroball",
    "tm:helpinghand",
    "tm:hiddenpower",
    "tm:lightscreen",
    "tm:metalsound",
    "tm:naturalgift",
    "tm:protect",
    "tm:raindance",
    "tm:rest",
    "tm:return",
    "tm:round",
    "tm:secretpower",
    "tm:shockwave",
    "tm:sleeptalk",
    "tm:substitute",
    "tm:swagger",
    "tm:swift",
    "tm:takedown",
    "tm:taunt",
    "tm:terablast",
    "tm:thief",
    "tm:thunder",
    "tm:thunderbolt",
    "tm:thunderwave",
    "tm:torment",
    "tm:toxic",
    "tm:voltswitch",
    "tm:wildcharge",
    "tutor:bide",
    "tutor:charge",
    "tutor:curse",
    "tutor:doubleteam",
    "tutor:endure",
    "tutor:explosion",
    "tutor:facade",
    "tutor:flash",
    "tutor:foulplay",
    "tutor:frustration",
    "tutor:headbutt",
    "tutor:hiddenpower",
    "tutor:lightscreen",
    "tutor:magiccoat",
    "tutor:magnetrise",
    "tutor:mimic",
    "tutor:mirrorcoat",
    "tutor:naturalgift",
    "tutor:protect",
    "tutor:rage",
    "tutor:raindance",
    "tutor:reflect",
    "tutor:refresh",
    "tutor:rest",
    "tutor:return",
    "tutor:rollout",
    "tutor:screech",
    "tutor:selfdestruct",
    "tutor:shockwave",
    "tutor:signalbeam",
    "tutor:sleeptalk",
    "tutor:snore",
    "tutor:sonicboom",
    "tutor:spark",
    "tutor:substitute",
    "tutor:suckerpunch",
    "tutor:swagger",
    "tutor:swift",
    "tutor:tackle",
    "tutor:takedown",
    "tutor:taunt",
    "tutor:teleport",
    "tutor:thunder",
    "tutor:thunderbolt",
    "tutor:thundershock",
    "tutor:thunderwave",
    "tutor:toxic",
    "tutor:zapcannon"
  ],
  "labels": [
    "gen1",
    "kanto_regional"
  ],
  "pokedex": [
    "cobblemon.species.voltorb.desc"
  ],
  "evolutions": [
    {
      "id": "voltorb_electrode",
      "variant": "level_up",
      "result": "electrode",
      "consumeHeldItem": false,
      "learnableMoves": [],
      "requirements": [
        {
          "variant": "level",
          "minLevel": 30
        }
      ]
    },
    {
      "id": "voltorb_to_twilight",
      "variant": "item_interact",
      "result": "voltorb hisuian=true",
      "consumeHeldItem": false,
      "learnableMoves": [],
      "requirements": [],
      "requiredContext": "twilightforest:transformation_powder"
    }
  ],
  "baseScale": 0.9,
  "hitbox": {
    "width": 0.7,
    "height": 0.7,
    "fixed": false
  },
  "baseFriendship": 70,
  "evYield": {
    "hp": 0,
    "attack": 0,
    "defence": 0,
    "special_attack": 0,
    "special_defence": 0,
    "speed": 1
  },
  "height": 5,
  "weight": 104,
  "aspects": [],
  "cannotDynamax": false
}
