{
  "species": "cobblemon:fidough",
  "order": 7,
  "variations": [
    {
      "aspects": ["twilight"],
      "poser": "cobblemon:fidough",
      "model": "cobblemon:fidough.geo",
      "texture": "cobblemon:textures/pokemon/0926_fidough/fidough_twilight.png",
      "layers": [
        {
          "name": "emissive",
          "texture": "cobblemon:textures/pokemon/0926_fidough/fidough_twilight_emissive.png",
          "emissive": true
        }
      ]
    },
    {
      "aspects": [
        "twilight",
        "shiny"
      ],
      "texture": "cobblemon:textures/pokemon/0926_fidough/fidough_twilight_shiny.png",
      "layers": [
        {
          "name": "emissive",
          "texture": "cobblemon:textures/pokemon/0926_fidough/fidough_twilight_emissive.png",
          "emissive": true
        }
      ]
    }
  ]
}