{
  "target": "cobblemon:vivillon",
  "implemented": true,
  "forms": [
    {
      "implemented": true,
      "name": "Twilight",
      "nationalPokedexNumber": 666,
      "primaryType": "bug",
      "secondaryType": "flying",
      "abilities": [
        "shielddust",
        "compoundeyes",
        "h:friendguard"
      ],
      "drops": {
        "amount": 2,
        "entries": [
          {
            "item": "cobblemon:bright_powder",
            "percentage": 5.0
          },
          {
            "item": "twilightforest:torchberries",
            "percentage": 50.0
          }
        ]
      },
      "baseStats": {
        "hp": 80,
        "attack": 52,
        "defence": 50,
        "special_attack": 90,
        "special_defence": 50,
        "speed": 89
      },
      "catchRate": 45,
      "maleRatio": 0.5,
      "shoulderMountable": false,
      "baseExperienceYield": 185,
      "experienceGroup": "medium_fast",
      "eggCycles": 15,
      "eggGroups": [
        "bug"
      ],
      "behaviour": {
        "resting": {
          "canSleep": true,
          "depth": "normal",
          "light": "0-4"
        },
        "moving": {
          "swim": {
            "canWalkOnWater": true
          },
          "fly": {
            "canFly": true
          },
          "walk": {
            "walkSpeed": 0.4
          }
        }
      },
      "moves": [
        "1:gust",
        "1:poisonpowder",
        "1:powder",
        "1:sleeppowder",
        "1:strugglebug",
        "1:stunspore",
        "12:lightscreen",
        "13:moonlight",
        "13:moonblast",
        "17:psybeam",
        "21:supersonic",
        "25:drainingkiss",
        "31:aromatherapy",
        "31:safeguard",
        "35:bugbuzz",
        "45:quiverdance",
        "50:hurricane",
        "tm:acrobatics",
        "tm:aerialace",
        "tm:aircutter",
        "tm:airslash",
        "tm:attract",
        "tm:bugbite",
        "tm:bugbuzz",
        "tm:calmmind",
        "tm:confide",
        "tm:confuseray",
        "tm:doubleteam",
        "tm:drainingkiss",
        "tm:dreameater",
        "tm:endure",
        "tm:energyball",
        "tm:facade",
        "tm:flash",
        "tm:frustration",
        "tm:gigadrain",
        "tm:gigaimpact",
        "tm:hiddenpower",
        "tm:hurricane",
        "tm:hyperbeam",
        "tm:infestation",
        "tm:irondefense",
        "tm:lightscreen",
        "tm:pollenpuff",
        "tm:pounce",
        "tm:protect",
        "tm:psybeam",
        "tm:psychic",
        "tm:psychup",
        "tm:raindance",
        "tm:rest",
        "tm:return",
        "tm:roost",
        "tm:round",
        "tm:safeguard",
        "tm:secretpower",
        "tm:skittersmack",
        "tm:sleeptalk",
        "tm:solarbeam",
        "tm:strugglebug",
        "tm:substitute",
        "tm:sunnyday",
        "tm:swagger",
        "tm:swift",
        "tm:tailwind",
        "tm:terablast",
        "tm:thief",
        "tm:toxic",
        "tm:uturn",
        "tm:weatherball",
        "tutor:bugbite",
        "tutor:defog",
        "tutor:electroweb",
        "tutor:endeavor",
        "tutor:gigadrain",
        "tutor:laserfocus",
        "tutor:signalbeam",
        "tutor:snore",
        "tutor:tailwind"
      ],
      "labels": [
        "gen6"
      ],
      "pokedex": [
        "cobblemon.species.vivillon-twilight.desc"
      ],
      "preEvolution": "spewpa",
      "evolutions": [],
      "baseScale": 0.7,
      "hitbox": {
        "width": 0.4,
        "height": 1.2,
        "fixed": false
      },
      "baseFriendship": 70,
      "evYield": {
        "hp": 1,
        "attack": 0,
        "defence": 0,
        "special_attack": 1,
        "special_defence": 0,
        "speed": 1
      },
      "height": 12,
      "weight": 170,
      "aspects": ["twilight"],
      "cannotDynamax": false
    }    
  ]
}