{
    "enabled": true,
    "neededInstalledMods": [],
    "neededUninstalledMods": [],
    "spawns": [
        {
            "id": "ekans-twilight",
            "pokemon": "ekans twilight",
            "presets": [
                "naga_courtyard"
            ],
            "type": "pokemon",
            "context": "grounded",
            "bucket": "common",
            "level": "5-20",
            "weight": 100.0,
            "condition": {
                "canSeeSky": true
            }
        }
    ]
}