{
    "enabled": true,
    "neededInstalledMods": [],
    "neededUninstalledMods": [],
    "spawns": [
        {
            "id": "lairon-twilight-1",
            "pokemon": "lairon twilight",
            "presets": [
                "natural"
            ],
            "type": "pokemon",
            "context": "grounded",
            "bucket": "uncommon",
            "level": "50-66",
            "weight": 10.0,
            "condition": {
                "biomes": [
                    "twilightforest:highlands"
                ]
            }
        },
        {
            "id": "lairon-twilight-2",
            "pokemon": "lairon twilight",
            "presets": [
                "troll_cave"
            ],
            "type": "pokemon",
            "context": "grounded",
            "bucket": "common",
            "level": "50-66",
            "weight": 10.0,
            "condition": {
                "canSeeSky": false
            }
        },
        {
            "id": "lairon-twilight-3",
            "pokemon": "lairon twilight",
            "presets": [
                "twilight_underground"
            ],
            "type": "pokemon",
            "context": "grounded",
            "bucket": "uncommon",
            "level": "25-35",
            "weight": 10.0,
            "condition": {
                "canSeeSky": false,
                "biomes": [
                    "twilightforest:underground"
                ]
            }
        },
        {
            "id": "lairon-twilight-4",
            "pokemon": "lairon twilight",
            "presets": [
                "hollow_hills"
            ],
            "type": "pokemon",
            "context": "grounded",
            "bucket": "uncommon",
            "level": "25-40",
            "weight": 10.0,
            "condition": {
                "canSeeSky": false
            }
        }
    ]
}