{
  "species": "cobblemon:golurk",
  "order": 7,
  "variations": [
    {
      "aspects": ["twilight"],
      "poser": "cobblemon:golurk",
      "model": "cobblemon:golurk_twilight.geo",
      "texture": "cobblemon:textures/pokemon/0623_golurk/golurk_twilight.png",
      "layers": [
        {
          "name": "color",
          "texture": "cobblemon:textures/pokemon/0623_golurk/golurk_twilight_emissive.png",
          "emissive": true
        }
      ]
    },
    {
      "aspects": [
        "twilight",
        "shiny"
      ],
      "texture": "cobblemon:textures/pokemon/0623_golurk/golurk_twilight_shiny.png",
      "layers": [
        {
          "name": "color",
          "texture": "cobblemon:textures/pokemon/0623_golurk/golurk_twilight_shiny_emissive.png",
          "emissive": true
        }
      ]
    }
  ]
}