{
  "implemented": true,
  "name": "Necromarrow",
  "nationalPokedexNumber": 105,
  "primaryType": "psychic",
  "secondaryType": "ghost",
  "abilities": [
    "disguise"
  ],
  "baseStats": {
    "hp": 75,
    "attack": 35,
    "defence": 110,
    "special_attack": 105,
    "special_defence": 110,
    "speed": 55
  },
  "catchRate": 75,
  "maleRatio": 0.5,
  "shoulderMountable": false,
  "forms": [],
  "baseExperienceYield": 149,
  "experienceGroup": "medium_fast",
  "baseFriendship": 50,
  "evYield": {
    "hp": 0,
    "attack": 0,
    "defence": 1,
    "special_attack": 0,
    "special_defence": 1,
    "speed": 0
  },
  "eggCycles": 20,
  "eggGroups": [
    "monster"
  ],
  "drops": {
    "amount": 2,
    "entries": [
      {
        "item": "minecraft:bone"
      },
      {
        "item": "cobblemon:nanab_berry",
        "percentage": 5.0
      }
    ]
  },
  "moves": [
    "1:nastyplot",
    "1:astralbarrage",
    "1:instruct",
    "1:substitute",
    "1:confusion",
    "6:focusenergy",
    "12:trickroom",
    "13:curse",
    "16:hex",
    "20:reflect",
    "24:psybeam",
    "27:lightscreen",
    "29:astralbarrage",
    "31:ominouswind",
    "36:willowisp",
    "42:psychic",
    "48:shadowball",
    "54:psyshock",
    "60:destinybond",
    "tm:aerialace",
    "tm:allyswitch",
    "tm:attract",
    "tm:blizzard",
    "tm:bodyslam",
    "tm:brickbreak",
    "tm:brutalswing",
    "tm:bulldoze",
    "tm:confide",
    "tm:darkpulse",
    "tm:dig",
    "tm:doubleteam",
    "tm:dreameater",
    "tm:earthpower",
    "tm:earthquake",
    "tm:echoedvoice",
    "tm:endure",
    "tm:facade",
    "tm:falseswipe",
    "tm:fireblast",
    "tm:firepunch",
    "tm:firespin",
    "tm:flamecharge",
    "tm:flamethrower",
    "tm:flareblitz",
    "tm:fling",
    "tm:focusblast",
    "tm:focusenergy",
    "tm:frustration",
    "tm:gigaimpact",
    "tm:heatwave",
    "tm:hex",
    "tm:hiddenpower",
    "tm:hyperbeam",
    "tm:icebeam",
    "tm:icywind",
    "tm:imprison",
    "tm:irondefense",
    "tm:ironhead",
    "tm:irontail",
    "tm:lowkick",
    "tm:megakick",
    "tm:megapunch",
    "tm:outrage",
    "tm:protect",
    "tm:raindance",
    "tm:rest",
    "tm:retaliate",
    "tm:return",
    "tm:rockslide",
    "tm:rocktomb",
    "tm:round",
    "tm:sandstorm",
    "tm:screech",
    "tm:shadowball",
    "tm:sleeptalk",
    "tm:smackdown",
    "tm:snore",
    "tm:stealthrock",
    "tm:stompingtantrum",
    "tm:stoneedge",
    "tm:substitute",
    "tm:sunnyday",
    "tm:swagger",
    "tm:swift",
    "tm:swordsdance",
    "tm:thief",
    "tm:throatchop",
    "tm:thunder",
    "tm:thunderbolt",
    "tm:thunderpunch",
    "tm:toxic",
    "tm:uproar",
    "tm:willowisp",
    "tutor:allyswitch",
    "tutor:blizzard",
    "tutor:boneclub",
    "tutor:bonemerang",
    "tutor:brickbreak",
    "tutor:burningjealousy",
    "tutor:darkpulse",
    "tutor:dig",
    "tutor:dreameater",
    "tutor:earthpower",
    "tutor:earthquake",
    "tutor:endeavor",
    "tutor:facade",
    "tutor:fireblast",
    "tutor:firepunch",
    "tutor:firespin",
    "tutor:flamethrower",
    "tutor:flareblitz",
    "tutor:focuspunch",
    "tutor:growl",
    "tutor:headbutt",
    "tutor:heatwave",
    "tutor:hyperbeam",
    "tutor:icebeam",
    "tutor:icywind",
    "tutor:irondefense",
    "tutor:ironhead",
    "tutor:irontail",
    "tutor:knockoff",
    "tutor:laserfocus",
    "tutor:leer",
    "tutor:lowkick",
    "tutor:outrage",
    "tutor:painsplit",
    "tutor:poltergeist",
    "tutor:protect",
    "tutor:rage",
    "tutor:rest",
    "tutor:rockslide",
    "tutor:scorchingsands",
    "tutor:screech",
    "tutor:seismictoss",
    "tutor:shadowball",
    "tutor:snore",
    "tutor:spite",
    "tutor:stealthrock",
    "tutor:stompingtantrum",
    "tutor:substitute",
    "tutor:swordsdance",
    "tutor:tailwhip",
    "tutor:thrash",
    "tutor:throatchop",
    "tutor:thunder",
    "tutor:thunderbolt",
    "tutor:thunderpunch",
    "tutor:toxic",
    "tutor:uproar",
    "tutor:willowisp"
  ],
  "labels": [
    "gen1"
  ],
  "pokedex": [
    "cobblemon.species.necromarrow.desc"
  ],
  "preEvolution": "marowak twilight",
  "evolutions": [],
  "baseScale": 0.8,
  "hitbox": {
    "width": 0.9,
    "height": 1.3,
    "fixed": false
  },
  "height": 10,
  "weight": 340,
  "cannotDynamax": false,
  "battleOnly": false
}