{
  "target": "cobblemon:drifblim",
  "implemented": true,
  "name": "Drifblim",
  "forms": [
    {
      "name": "Twilight",
      "nationalPokedexNumber": 426,
      "primaryType": "ghost",
      "secondaryType": "fire",
      "abilities": [
        "levitate",
        "h:sniper"
      ],
      "drops": {
        "amount": 2,
        "entries": [
          {
            "item": "minecraft:ghast_tear",
            "percentage": 10.0
          },
          {
            "item": "cobblemon:air_balloon",
            "percentage": 5.0
          }
        ]
      },
      "baseStats": {
        "hp": 150,
        "attack": 51,
        "defence": 64,
        "special_attack": 109,
        "special_defence": 44,
        "speed": 80
      },
      "catchRate": 60,
      "maleRatio": 0.5,
      "shoulderMountable": false,
      "baseExperienceYield": 174,
      "experienceGroup": "fluctuating",
      "eggCycles": 30,
      "eggGroups": [
        "amorphous"
      ],
      "behaviour": {
        "moving": {
          "fly": {
            "canFly": true
          }
        },
        "resting": {
          "canSleep": true,
          "willSleepOnBed": false,
          "depth": "normal",
          "light": "0-4"
        }
      },
      "moves": [
        "1:overheat",
        "1:hex",
        "1:constrict",
        "1:minimize",
        "1:flameburst",
        "4:ember",
        "8:focusenergy",
        "8:firespin",
        "12:payback",
        "16:willowisp",
        "20:shadowball",
        "24:spitup",
        "24:stockpile",
        "24:swallow",
        "26:flameburst",
        "29:faketears",
        "30:ominouswind",
        "32:heatwave",
        "36:nastyplot",
        "40:burnup",
        "43:curse",
        "46:inferno",
        "50:eruption",
        "tm:acrobatics",
        "tm:aerialace",
        "tm:aircutter",
        "tm:airslash",
        "tm:allyswitch",
        "tm:amnesia",
        "tm:attract",
        "tm:batonpass",
        "tm:bodyslam",
        "tm:brutalswing",
        "tm:calmmind",
        "tm:captivate",
        "tm:chargebeam",
        "tm:confide",
        "tm:curse",
        "tm:cut",
        "tm:defog",
        "tm:doubleteam",
        "tm:dreameater",
        "tm:embargo",
        "tm:endure",
        "tm:explosion",
        "tm:facade",
        "tm:flash",
        "tm:fling",
        "tm:fly",
        "tm:focusenergy",
        "tm:frustration",
        "tm:gigaimpact",
        "tm:gyroball",
        "tm:haze",
        "tm:helpinghand",
        "tm:hex",
        "tm:hiddenpower",
        "tm:hyperbeam",
        "tm:icywind",
        "tm:imprison",
        "tm:knockoff",
        "tm:naturalgift",
        "tm:nightshade",
        "tm:painsplit",
        "tm:payback",
        "tm:phantomforce",
        "tm:protect",
        "tm:psybeam",
        "tm:psychic",
        "tm:psychup",
        "tm:raindance",
        "tm:recycle",
        "tm:rest",
        "tm:return",
        "tm:round",
        "tm:secretpower",
        "tm:selfdestruct",
        "tm:shadowball",
        "tm:shockwave",
        "tm:silverwind",
        "tm:skillswap",
        "tm:sleeptalk",
        "tm:snore",
        "tm:spite",
        "tm:storedpower",
        "tm:substitute",
        "tm:sunnyday",
        "tm:swagger",
        "tm:swift",
        "tm:tailwind",
        "tm:telekinesis",
        "tm:temperflare",
        "tm:terablast",
        "tm:thief",
        "tm:thunder",
        "tm:thunderbolt",
        "tm:thunderwave",
        "tm:toxic",
        "tm:trick",
        "tm:trickroom",
        "tm:weatherball",
        "tm:willowisp",
        "tutor:aircutter",
        "tutor:allyswitch",
        "tutor:bind",
        "tutor:defog",
        "tutor:icywind",
        "tutor:knockoff",
        "tutor:magiccoat",
        "tutor:mudslap",
        "tutor:ominouswind",
        "tutor:painsplit",
        "tutor:recycle",
        "tutor:rollout",
        "tutor:shockwave",
        "tutor:skillswap",
        "tutor:sleeptalk",
        "tutor:snore",
        "tutor:spite",
        "tutor:suckerpunch",
        "tutor:swift",
        "tutor:tailwind",
        "tutor:telekinesis",
        "tutor:trick"
      ],
      "labels": [
        "gen4"
      ],
      "pokedex": [
        "cobblemon.species.drifblim-twilight.desc"
      ],
      "preEvolution": "drifloon twilight",
      "evolutions": [
        {
          "id": "drifblim_twilight_to_normal",
          "variant": "item_interact",
          "result": "drifblim twilight=false",
          "consumeHeldItem": false,
          "learnableMoves": [],
          "requirements": [],
          "requiredContext": "twilightforest:transformation_powder"
        }
      ],
      "baseScale": 1.2,
      "hitbox": {
        "width": 1.6,
        "height": 3.25,
        "fixed": false
      },
      "baseFriendship": 50,
      "evYield": {
        "hp": 2,
        "attack": 0,
        "defence": 0,
        "special_attack": 0,
        "special_defence": 0,
        "speed": 0
      },
      "height": 12,
      "weight": 150,
      "aspects": ["twilight"],
      "cannotDynamax": false
    }    
  ],
  "evolutions": [
        {
          "id": "drifblim_to_twilight",
          "variant": "item_interact",
          "result": "drifblim twilight=true",
          "consumeHeldItem": false,
          "learnableMoves": [],
          "requirements": [],
          "requiredContext": "twilightforest:transformation_powder"
        }
      ]
}